hashmap_atomic_3,91,Mon Aug 17 02:24:15 EDT 2020,id=000061.testcase,CONFIRMED
hashmap_atomic_2,1,Mon Aug 17 02:22:45 EDT 2020,img_creation,CONFIRMED
hashmap_atomic_1,1,Mon Aug 17 02:22:45 EDT 2020,img_creation,CONFIRMED
hashmap_atomic_7,1297,Mon Aug 17 02:44:21 EDT 2020,id=000133.id=000129,id=000054.testcase,CONFIRMED
hashmap_atomic_6,16014,Mon Aug 17 06:49:38 EDT 2020,id=000201.id=000015,id=000049.testcase,CONFIRMED
hashmap_atomic_4,91,Mon Aug 17 02:24:15 EDT 2020,id=000061.testcase,CONFIRMED
hashmap_atomic_8,1297,Mon Aug 17 02:44:21 EDT 2020,id=000133.id=000129,id=000054.testcase,CONFIRMED
obj_3,1,Mon Aug 17 06:25:17 EDT 2020,img_creation,CONFIRMED
heap_1,66,Mon Aug 17 06:26:22 EDT 2020,id=000036.testcase,CONFIRMED
Obj_1,,,id=000036.testcase,CONFIRMED
